Variable,Control_Mean,Control_SD,Control_Min,Control_Max,Treatment_Mean,Treatment_SD,Treatment_Min,Treatment_Max
Human Development Index (HDI),0.707620723847298,0.050737970922426476,0.529,0.862,0.7629523809523809,0.0233847732306221,0.731,0.807
% Below Poverty Line,3.717768963807635,4.807206909836176,0,39.69,1.217142857142857,0.5656778487544201,0.38,2.24
Per Capita Income (R$),650.7402875557758,217.5465902271533,181.77,2043.74,895.4133333333333,142.73942137101903,707.58,1190.96
Poverty Rate (%),10.761849281110559,9.50639276350908,0,57.66,5,2.0614776253939793,1.96,8.92
Income Share Top 10% (%),37.04322756569162,5.580914218669236,22.26,66.08,39.66761904761905,3.9386570106597305,30.87,45.56
School Enrollment 15-17 (%),81.8884928111056,6.381726392993722,55.17,100,83.42571428571429,3.6718872142653978,74.68,87.97
Illiteracy Rate (%),9.415136341100645,5.425732102030936,0.95,35,4.5652380952380955,1.846065055862385,2.69,10.64
Population (thousands),38.30654437283094,269.5684915098428,0.815,11253.503,217.92404761904763,164.3896922986585,29.018,629.921
